height,merkleroot,hash
0,4a5e1e4baab89f3a32518a88c31bc87f618f76673e2cc77ab2127b7afdeda33b,0f9188f13cb7b2c71f2a335e3a4fc328bf5beb436012afca590b1a11466e2206
1,5d8f4a8ec62addd5cae3dd5bcc9030b4b70470c383c4bdf4ebabd32ec3239622,7ce990571c6c586ddb091c83ab5a1bfa96f2d624d6af764b0851324fc585ef62
2,c13ec72c846991a05dc7c48db4a22ca37cbd7b5c75caa99e9c2454b36377bf92,24484d59d2a3a911fc3934e7d15277a14eaef93e14028950c8378f2893434c4c
3,401d3c854bda5aef3e5c8f60dc04ca93e911bcf0cd8260e1921ca6c23bf03188,3bd77fbb5d64ce18faf71570ce7e9a99a371df8c6f428d0ff21a6a4a25ce79e4
4,0bda7f8dc23322cdd7a46d477452f6c4875593b2071e82ba06906fdc0d94e19f,344a84444fed078bcca9d40582b3429e86d8a94a0330b00c7bd2ceeba2c36601
5,6185c21134c2d4b47a5f364d0aeccc6c381e5ff2e71617b9607b0ddedf83d4ac,7ddc8e3f17e53f4fb7188637746d5d66777f2a6ce90cefe7317537d701ffaf86
6,2b4ec6cb7a1765d46b11a9ca485ec8f8e7e1fc6f227d321907377d50f13b7421,11b534b16a235bbdffac688866c58cdb01c3a8fa4f6effdf00347d43e6a751b6
7,6e53caf8c4a78810cf6c64f7191613242075d5d5820fd3895c9675682659627c,6b9028e82b09cd175e80de4ccfa656974c0fd5a26915f15001be91fb9e0fe084
8,3f71c484a532fb6cdbd1763007c11d790f0fdaf6e1c8f91cc6c07e405bdafa69,06697ac34428a6b4648f5d6356e1593f6be833ef86943380f969339ecf3e934d
9,1fb217df04f0b93637380622140ccadb547f3eb87946688c47e4dc803b248ecf,13df104ebd552f57ac6191541114826663efb638d32417abd856cca437d85acd
10,bc48ae1db88be789d0aee74325e9e348bd81e120ba7c8aa1c26af2e7b97d3758,64b7d38f39a4831dd1f607586249d8b6e120f53f180ac376e4c70f6095095a24
11,09b15405322c29f98425128e06486b2c46bb41dbd12c9ab0caba7a9935abf316,2dca874e22f29961af795b0fe8fcce2b018534a32e85ce3b91bed4ac16a57e5d
12,3cd1edf527370bc7f2a1d330a8cb3dcff73e4181444d76339ecfef8a160a9834,56db7e00c2051f65fe764509a84d25ca9e35991a4fbcd8c6c298bf37fc7f1424
13,90e8578adcbcaef09dea475cb2f57b274d8324b6442196a1962b42419ad0e557,6682df5331692dad79a2a0660426a801c8e1851cc33298199a914ef2abdc9e4b
14,28a19d6d44468422e4f97efceaef050a66dbc2ebbb0bbd3b5c1b772f56e3df3d,5c0e693f4c7e4186e29a89982090c503d345c0235cddbe79da6a5ea03965034e
15,24e4671aeb3fcd46ec24d7f4364a3fbeee7e8f3be8c1dc1425af74d62b1e6bda,5dea7aee5a5fe5cb2ef7e091fcad8891ce361caddda40bd907ebe38ec94f7ea1
16,e9e9018585e82837cb8839d382591ab0ca2b93c945d8d7f38b5afa4d1ff193c4,4156e4d0e3478458c23c89f4d3a32a4913be09fa967a344ae02526a75f5ae9b6
17,e688d770fcd02ed92ebb7c6787e36d399079eabe3f4cb2029b04ef4c1f6a456a,0d4d163266018e3b61c7c0967d50cef63ffc30114f5accb10d934f43f9e7c5ab
18,ad8becbca6fc8fcadeda9699ef61fe560c43a7d2363150fb8b79feaf0bb59075,2b9927e737dbffc579baffc72adc9737b56945de0ae3d815eb7e76a8ffb440af
19,ca4ecba7c3575714e38dc9e7092d2b95f58b2d25bb1ef1102f6864288d417bdf,09b0cf39d0c175677d5e6813b0755851336e88ae99ee8614963699693475a4d8
20,a731d7b4888b7f602eb058688e1b859c08ec94f86fd9af3d370a3c01d1a53eb3,4f89c7d252dd650715815471272180fb176faaf4e08301d7d26bcfdfe30910d6
21,2667d99c3a1186a1bb0ad6b13f2a13a07bfa775db6096b5fb238b3d4f911a686,317f3252d4e153fcbd6ee1e4277ee8d43f3677f37d00d055d4308b4e72b19187
22,dfc083c704375f1a2ac1094268a204a48d339cbe274eff01aa642fe711cb365b,520ca1a93860f61fcf6fcd2894288b3a28d2242d63191faf46c9da3ef66ee5ed
23,cf043406883842b20fdced27f773ba1c38ce4be16edafa81ec971f9b7edbff17,17704a9347d259a6b62237f00375a72807f10dbc6839d6c5192945f70aee4353
24,b4fa5e1b3d668afba36320b1411245e51e738d9c205be7845efae2bf14d0c6ff,523465d4722363235109f506c3c7161cfab6cadb0bc1aa4a538eb3cda7a01916
25,a969b37d6e527890167f0b24d088b4fcc1eefa419f6377f1d393b6dc51f27eea,4bcb7a139ed0b708abfc69e413e7de241ab56b30ab1dac449aa771f374ae028c
26,1fe864689a6302b1448ee338349687b997ab87de2bec99e9fe28b5f85f04fa7f,7f7a498a89333b0b2b2b141758f658c66c66afeb1b8e4047d346ca726514e959
27,37e92aae2bcd34673a6d540f1ed47b877a4338e37f487471319244f0686a3521,781c6070bb95834099728e0232a7d50947cda22f6b006662e06b8267ad19d6ad
28,1b13b4ef53649b278c4202c0a0a61f174a89a2ce630344b15b9e1330d66cd792,0eb3f234f1dc4be89be3f5937eab176c864804747291faf7638a53492e6895f2
29,457844eeb2ffdf7169728e46acad98b216a0090e1bde9cbf63b0177ac0dc0401,3212d55ceb04845490b6869011e97313ca6b3953098730bf6ecb81507dfc61ee
30,e61cd6c37e193628e02a407a8bfb7f567258b93aced103729ef1217f66bbf277,4b5a3ec58b65eb4633fbf9a29149f7cc1585e9f0e36a5fd3c64f949bdb21f6d1
31,1e50e414972c781d7f3f4de304cd1091b7abbb3eb297d8efe256ade0184f6ad6,1c503c6bb34637feb7eae0190e136920d094c935995128293300ce1bb88bad61
32,bf5b44232c8a8fdcd93e0a1b147552826d27b8cc45fb7553f572e9cd7867b5c5,7b6932197ca7451d8242720b634e8995f87c966dd3c031ccc4d9146bdb15d3c4
33,61d96610a3ec406b132a67ba7f1242f62232e04df72ffbf24a1ba56c47679f16,011d23082fd747afdf2e72bcd6f3d629ef5918ab134147b9635b370eb0b57991
34,74bb3affdff37c23b957250b21ec668898f3d4c81edb92ea964f9cb12c257441,40be508247058e12284c2e7f2a0ee360e2fd76cb52728f971ff0a9a5cea55da5
35,87bb6a1327ef9d2ba88cf6919b6e7860162c94db762ad69235fdaa6476c7a815,1c649600318d8e3a20aa207d563229e9d8b59ae43e14b9e420484a4498480bd1
36,8c6c3facd87c64e67c5dd6ec5a729d8e65a5cf5af092742c3c15d6d002f5a202,5b00444efdab4d68cb483d451416014dda03edf72040a9ab96d09b41e18514a5
37,35c8b3bd75fd6889e766a0458a7cee0bfd3697017b79adcaddfa1ac72c17d55b,3285e95fb108bf67bfec58581e0228f9832ea7206e054759ca21522ba7144c87
38,639f04d2ead05116039c385c3e01bae100f0e8c60ed17744e392d1fd8bf98778,063b6ebc5194008cde9ad7ee9f8ee259f38fa75b40e4a594aeecc3e215d692ea
39,f7b1dbac8548914c6efb2da5700cd581a8a8acbb8d9b1a810cf189be2d901535,4d610a6462b1af2d06fae69b7d70901d0c54e105c4e9f403e5905c0a1ba58428
40,aaa3c5004e68256f5ff0ae3edab711cc049c6c56c8d54c259d215aa5636082d9,3a386edd33f964c8d6a0dd5c94d6c3f1c0c372c05e2beb2810bbcce027f75845
41,b0473149fdf8003c6b8f5b193026ce119bd1576d57ef0681bff3bd41cbd55e61,5a22b29d70e97a827452ee62e014215432eb671360298a6f0b329ce8785c73c8
42,2a935f6b3c4a4e5e4b54c681d692d9f92eb8682189bd2eea363a3136e6490a2a,50b8b16257f753040354a6e29c41e08f2eb755d5d9f806f9578539adb30b4a91
43,1d6cd276a0cc3025a9ba2a81cdcd38ea8ec92209b15a0c94798d409a4e8b22b5,0385b980c3b56fc0f2a52603343f567c2bdce07dffb65d7ee6bffd66c76a234e
44,653915ae761974bbf343032d35986c88d0c94c7768dfa01b2e24aca6178b3951,740dc0fa803ec1c914015d02cbd12b9ffb1ca368d1e9a7a746b7c42cb30c2748
45,32aa3cca3a2673d0f1aae7a76f3922747ad698d8407309ab527961b02dbd8e2d,791882adffd2889c1ffc8f781024a92aad6de99becdc10c04159fae8e0051d61
46,0a8aeee9b8de73227c6fc40a95b33fa549ffa7287eb33d2e72df81b7812f3e31,52c9a45c16de3e2ab37591cf097b3ac6e73074a0c0897d2238279298c2891ce1
47,4f4ecebfc24498bed95288945c586291594aa3ae83a4a67f6036723dee7bbe1e,61154fb2e9715cca723b2c8c526e8f192f75fa5f61e4ef4d70139e53afc77333
48,b3bf1192d54d3090bcb401eb43e9ce7288af44243dde760513975b32526c1369,3704a6e4a85049eec4d18a3d8da6e2d401155722699bd0f9c3fc6080db11ff50
49,f03b2df12b00bcb5f2898555d5f59ec0eb77870d604a79c3d36b138f266304fd,7fbcbddb0646ab59789142f765deec73d1871d04fd56c93d1ecfc5809d6e76cb
50,2849e55b343e70120237b489c0b5a86ca9967b073dc919ce3e4615781463787e,20e30a155c7bdc355bc10451706546e4bd4dad0f1fdbe8d6df2c451fa26edd8a
51,f6e87a8cb4c90f192517df6c077ef821bcca594a2f7811248c7d6d3d6c5d9e59,69799837022b3d26eeaa1e75d57b2826339cd26b138200d9414b4de530ec6e73
52,7ea00ae3574590b0e9b2d6bb6e59ee972df86551555376567f2cf37afc7822b9,2bb3523ef296ca2e7c1dbe3b41e0a7b7b0deda1c106096bd59403bc9b0046132
53,d280a79b15e1e0e2e5d578f8937024d510d6c26792e681c9df88c2a7180120c5,3a68b7cb4e3720889d1c3d3a4726dcc75abf610350016a9a67d4bc260122160b
54,4a62ed72d313fcc5552b98c25dacde8718e8d24bc9a9ec29634650581c1aae96,1bdca8cf4da4cfe9bf8e9ebd99487d7e11004ca7ecc9950e599c7c981b93650a
55,d4f1b9204c1e25d73756d7121b8f7fe49ef9a91de9e51c14d1608715090fd989,76f0fcfb75215e6190268f4cd0649069624fd1e802214dbc59b628710590c9ac
56,a8461cf882ba3410084ecca831ce25469e7ba31817a451f56064a7e8188d68e0,5c3d70cfc93bd7c69b3648acfb4e3d49c6f63d43541ab51029aa7dfde295d4e5
57,f2bafd676334b71c0023997b01310f8d4954c9439ff71c19fad53f41dd77e5eb,4782b6ec02eed7077c25ada83cc3aa3cd76ade5867dca4ca8bb96bd3781bd9e4
58,51ecab0b515dc372f1db75f9ed14d011d962f99c9e0f414cc93d4340bd1e8c85,10b25034115b83f4ece0cf0ff1b16f1d9b2cb80ad63a06ecdf07048050530896
59,891cdebe2e303a9e46e6e787fdbc67f4d944db68beeed509ec056a1bacf6fe91,542691655cb14e047237c2a78cfbd675cbb8eda36ccc06ec5e7307488716b7cf
60,7c56904ffce8a1c1fc83c2d7ae49b4ab46ba8e614ae4bf290a193771916e8d10,46696e3e1bae403e64ba05830fd1fd5e95bfd875b423716d813523d6afd4d5e0
61,7d50812d24c8f4e27f782b5ecb68839924b06681c3f139a679e48c18876cbec6,5b4b9cdbf06b973633ca78a58b665f8c50ffd8a82bebf148fdc58b8dfba48ef8
62,7c7eac243bcc654574a4f9e320a8c6c35c9c148b116069615ddebb4c0aa6ab35,14f146771e460c27868e66be8e13a67595e22d3891f86fee6d6028ec363bf4b7
63,6181fd08e4d80e8e1a84deb737af2fbca71f549c0422e8fdcb080ca7310cdb31,629bd6ad7ac3ff5e832e20d8ad1ff70d3621538035926e8017b257caf1ff88d8
64,b95ae72043d65e3b134bc395238a4a68a0efd758b7bac613bfc22765d63d1b36,51575c254fa63ace28e066e9a2c9e94d0e179b42835e65efaab03c5d6440966f
65,cd0e07f3d38ec78f008efe93b914bdbaad0ceb5fd591667acf3c759b92dedf2d,6276384e7c0f01d744dee404ad91492a320ecba8702aecf35d0ff49de4690911
66,903e2b98752a194365bb371d6e79e77a4fd636e0ef3beac58890003d97a53247,3af5a575ef776165e4edfe6c501013c1b99e59e7f19580cb7f872b1d95559205
67,1e796ae5146e7821d8599dd36faaa1459a749b23a50b0d42ecc8a473b1654d7c,1e86ef0141a8ae91d756a1a6c18aa636f6e4bd8eb0986e6ec0547f6485faaad5
68,987089c30a9d0c76d728f12706956ac2125826d838ce8febc02f4bebec5c3c07,2a2e6dacbec9fc6e0b64e58dd24c23db5274a7a52fc57a39e0759c8655757c33
69,24ab4e796846d81989d0ad5a33684654e6a50f7fd23d1bcab455c1b0d6fa6e26,73c6df24e627afafbccae7492681d9a221511d7fe2e456cfb1e6f22a393afeb3
70,98c017e850dfc478a044d811aef47e5c4aa29e6b01cce44f8b5ceb9300bd54c9,21976262afb4ed26c8053a50efd42933983efd92a50e7360e9ba9665f3340b07
71,1a5dcdcead4ee71238d7c78cb0752c1c767a65a7d522d5aef5dc7ad1d87eeda3,25be65bef9b67ec00380c9fb657edc120d8c855cc16ba6fa736f3afb0e286a44
72,2517a1f4183e1aaa56d9aff96e0fd23664c21967edbff3d7b1bc85989e913a31,44543b628acd259c5ec2d7e204ca0a123e23d09041165291f24ecf70f7878596
73,1a367a4ba4768d01856e3e8400d534d16284123ece45f7cb1aaf053a70d4b2b3,6ed2ac34f785b6507ec81cec560b2d8c32911138ac7b5317fffcc40a337d8578
74,b1ba26257a2ef89a8d915d96182dad305ca5f03f07845c582b3ee2d893dcbccc,4b274e2adc2700d23b0e9a87029b5de63915a1e5cf3f4276715fa09a2bb191b8
75,18f40c3754b17c8464e022fee1e60b574df1a323abcdfbf66efc37ace006c1e5,23b541fc5d4b4002ecc82462762b7808a62f456898c43fe3aef09426c2413619
76,3e35583700a93c4ae18f8a8234fb98f254103d3ba8929a8cc0d48d8e46144ef8,0a26c86ec25b650ddfe691ccb02ef51a4ed9a24aa4cfcd348e1ce678820d3979
77,f5469e1b4123cb47b38ee6eb4992e5c333a86944fbf578e094c5dfde05293666,772fbb852ee4d6441766cd708fc9b71305b9d4fb25722ed08a614a63ce750b36
78,b1ee52f76e3716f220505fa1fd9e68a6e4310e7456ee6a72d0c953e66d65c895,301b988f3ab7e8811e1f2973030f194cd7b7ab0db05af670425ae3d10520bb17
79,24267a95fb6feabe9b8a18f7bacb132e0c5de8de8732b84b00fa4db4a3bba938,6fd4da53f2380a3f943064410eeb0b3a4b6bb271b50d30ccff83a040cc8908b2
80,1b2907effa15b37d322b4f67d20b4df6fb17c20542f18302a4fe370f5dc647d0,1687486ac1ba3c8018441c1ba3b3c8dbf25277e92860370ea9d3fa059f64d623
81,28b9941334a7ef4b9e7c0b13049aa42b5fb54ebc7874ab1394e15aa078f0a285,0a46812c0864d0059179981fbf95c76122cd97a05aec4cea4d73015c94e211bf
82,ee4d5d0b28a0be65a728c1d483ad63d9bf489200b10ed518ad6beb5ea14d9c89,6e00721192af2ee7b87f1f18e5a1871ec1fc73395057dbbb13c2af8326a66884
83,6bfe1de995febb8fbfba8e252bc7c59f22890539452ae11c01a36715c1f1f17d,36a923daffac27e7dade93ff900878ae5fbfd3c77e564572d204dbb4697cf406
84,41966682469d07b94cd0366bd53df88ab5915c3d2c729b3fa66290aa00b5a0fa,45c9e27ce9da82eb4841d009c115b662145811082e1f7686b584ea86478635ee
85,6c3eaff8001589c61e795376e6e975158315452c46145490e75720f9239a3f56,315ea593b5de43cc33df8ace1b277d5b0d6fea580b9f613a849e29c77f17a307
86,4bfea24538cc3b0bb8dbe5b46b8a6a44c0d76aa8328a5ec3f94e7bcaec5d6e4d,7bf4791ec74443a60f1b85f856fe184688da8ac276c584456c13ba63229e520a
87,cebe6f3cd7eccef16d9c55faf5e10cf348e24ba4e82c474b4a5b2af7aa7c4e7e,771b438578eb3b52a615fde7189115fe96850d52b0cb67a400d73c40b8310c60
88,bc08a87767108663ac22fa31c8e957c8af21f0dd857f5033587cca13f60615a1,0baa1e2406dc5e2c8ed4f657e793d876bf49ffd17a5e60987962cdba27c61694
89,943a2b30b56df11d90a6927a792a92aaf928159b1f6141cf9db60a63e36247b0,1134711b10572cb42db65a547a4288d53e3510dafe6ee039e94c4d9535350cbc
90,9c05dc0f1ef733bc6a5def030cff9a01bfaa5bafe401635e2bb011c56a935376,0e896e533c31abc62c527e43bd87c596686b4611248c2b9ac28c3cfa16211daf
91,9e5ff5d2717d13e5d1da1adcb97d0689c8a0da4b3b3adae1595e64d892bdd8a7,545fa15043db2fd578d5c86d92344123eaa8931b4131d30d3af33f084b0bbad5
92,e945ce269b155cd90f08b12e7d5eba82874483b02b16b7242ce0fd793bcf53dd,4bd65367f3357542e9014c24d096c3609034b2d628b37a58adaa37ac0a0a0d8c
93,46060f20fd7573c41792ec3ee3b8f7d6570292b50f529013d7fcab090f807ab3,6b1aeee83fecb607ccbb3b5a01e3652047ae2eeec07910bfb384fd5998953081
94,383c965423897e78a7b2bd1100a5686b03c333e3f9e9a7872f4a6289da2a8abd,066ef4247e3e6e71c7f8cfc698f529bd380728a9d55cc722464a567c81df8789
95,6d144bd46e10fc4e78c2c923697aa6c82e98afc0e76d6ebcc3d7aaf4c878a588,4e03875bac830dee2ac5e15ee576751ef9cef3338c10579a5e2fc93dda1583b7
96,a0ca5bf8e2a4cf1dfd77ba1dcd889104cf3e7ee2cdebbbdc104779010a12ff33,730723dc8694ba118ebeae12ac75fddec571f6cc1df601c813c32823b9b3a953
97,c2af73103f4cbcf8f18cc96d90a2f5b3138e0640d362dda149f23e39c762bc54,48a7342e6ca3c43262c48e60147ed82fb9a6929c55d9a3abc0239aff4cb9c1e2
98,24e46a72b10425750d1bb5f8728adbf1d405dfe0ae8ced0c0f048b556c32431d,24c3e2e1fe61c7197120818bd12d9cb32ca381c38263f89ff574e839eff6bec5
99,aa8400d51a1407ba4857826890a4880550ff0f993af2fcbac750fa7d2a575b7d,0a44da95a261b389969db5f3d18877b4741c6602bd3f34abfdc2bf77014ec1a8
100,7cea7742b7ea67fedcdbbcd820533c372e073ae3fc62a54d074b769ae2049379,01e92050986040783d5f6a5d8819716184fe9645920b1e56a64ab2316df69158
101,66d97b9f6d040318304dd6bbc6e309bb0f8ee19e4fde2b36c259245504b97032,4a879108a37c83e369b30fa29adfa6c4fc24d9ce3bd8b1899f8a72b2dd746ddc
